{"id":"4575d7b6-6861-47a3-a783-5c098a7fca31","name":"Emergency Call Center and Departments","key":"EmergencyCallCenterAndDepartments","description":"","editorJson":{"models":[{"id":"37d08ea8-75bd-44a3-90ec-c8609900dbc0","name":"Emergency Call Center","version":1,"modelType":0,"description":"","stencilSetId":null,"createdBy":"admin","lastUpdatedBy":"admin","lastUpdated":"2017-07-26T11:56:42.782+0000"},{"id":"5469045e-9b20-4524-8b21-87b10258bb01","name":"Police Department","version":1,"modelType":0,"description":"","stencilSetId":null,"createdBy":"admin","lastUpdatedBy":"admin","lastUpdated":"2017-07-25T20:27:29.911+0000"},{"id":"4cf85577-a53e-4f32-89e1-29b67d9251c7","name":"Hospital","version":1,"modelType":0,"description":"","stencilSetId":null,"createdBy":"admin","lastUpdatedBy":"admin","lastUpdated":"2017-07-25T20:19:02.387+0000"},{"id":"8be98e52-e189-42bd-b2c2-7ee3cb46dc1a","name":"Fire Department","version":1,"modelType":0,"description":"","stencilSetId":null,"createdBy":"admin","lastUpdatedBy":"admin","lastUpdated":"2017-07-25T15:11:04.841+0000"}],"theme":"theme-6","icon":"glyphicon-asterisk"}}