{"id":"cd303395-9aa1-47b9-a40c-71ae7cdc10e9","name":"Emergency Call Center - Feedback to external actor","key":"EmergencyCallCenterFeedbackToExternalActor","description":"Feedback to the contact to confirm the positive solution of the request.","editorJson":{"name":"Emergency Call Center - Feedback to external actor","key":"EmergencyCallCenterFeedbackToExternalActor","version":0,"fields":[{"fieldType":"ExpressionFormField","id":"label","name":"Label","type":"expression","value":null,"required":false,"readOnly":false,"overrideId":false,"placeholder":null,"layout":null,"sizeX":0,"sizeY":0,"expression":"Contact: ${contactName} (${contactDetails})"},{"fieldType":"ExpressionFormField","id":"label","name":"Label","type":"expression","value":null,"required":false,"readOnly":false,"overrideId":false,"placeholder":null,"layout":null,"sizeX":0,"sizeY":0,"expression":"Description an notes: ${description}"},{"fieldType":"ExpressionFormField","id":"label","name":"Label","type":"expression","value":null,"required":false,"readOnly":false,"overrideId":false,"placeholder":null,"layout":null,"sizeX":0,"sizeY":0,"expression":"Type of emergency: ${type}"},{"fieldType":"FormField","id":"feedback","name":"Notes:","type":"multi-line-text","value":null,"required":false,"readOnly":false,"overrideId":true,"placeholder":null,"layout":null,"sizeX":0,"sizeY":0}],"outcomes":[]}}