{"id":"9f1d843c-2085-4d58-b518-ff6208bc7492","name":"Emergency Call Center - Getting details","key":"EmergencyCallCenterGettingDetails","description":"An internal Employee of the Call Center will take in charge the issue to collect some further details, with the goal to understand and check the issue. This check could naturally solve the issue (if possible) or continue with the involvement of the other Organizations.","editorJson":{"name":"Emergency Call Center - Getting details","key":"EmergencyCallCenterGettingDetails","version":0,"fields":[{"fieldType":"FormField","id":"contactName","name":"Name of the contact","type":"text","value":null,"required":true,"readOnly":false,"overrideId":true,"placeholder":"","layout":null,"sizeX":0,"sizeY":0},{"fieldType":"FormField","id":"contactDetails","name":"Contact details (email, phone, etc.)","type":"text","value":null,"required":true,"readOnly":false,"overrideId":true,"placeholder":null,"layout":null,"sizeX":0,"sizeY":0},{"fieldType":"FormField","id":"description","name":"Description and notes","type":"multi-line-text","value":null,"required":true,"readOnly":false,"overrideId":true,"placeholder":null,"layout":null,"sizeX":0,"sizeY":0},{"fieldType":"OptionFormField","id":"type","name":"Type of emergency","type":"radio-buttons","value":"","required":true,"readOnly":false,"overrideId":true,"placeholder":null,"layout":null,"sizeX":0,"sizeY":3,"optionType":null,"hasEmptyValue":null,"options":[{"id":null,"name":""},{"id":null,"name":"Street accident"},{"id":null,"name":"Home or Office incident"},{"id":null,"name":"Fire"},{"id":null,"name":"Tornado"}]},{"fieldType":"OptionFormField","id":"isEmergencyConfirmed","name":"Is emergency confirmed","type":"radio-buttons","value":"Yes","required":true,"readOnly":false,"overrideId":true,"placeholder":null,"layout":null,"sizeX":0,"sizeY":2,"optionType":null,"hasEmptyValue":null,"options":[{"id":null,"name":"Yes"},{"id":null,"name":"No"}]}],"outcomes":[]}}