{"id":"05fab9aa-a8b5-4069-94f2-5fb2223ce9ec","name":"Emergency Call Center - Defining the next action","key":"EmergencyCallCenterResourcesNotAvailable","description":"Action to take, as a consequence of the denial of the request of resources.","editorJson":{"name":"Emergency Call Center - Defining the next action","key":"EmergencyCallCenterResourcesNotAvailable","version":0,"fields":[{"fieldType":"ExpressionFormField","id":"label","name":"Label","type":"expression","value":null,"required":false,"readOnly":false,"overrideId":false,"placeholder":null,"layout":null,"sizeX":0,"sizeY":0,"expression":"Contact: ${contactName} (${contactDetails})"},{"fieldType":"ExpressionFormField","id":"label","name":"Label","type":"expression","value":null,"required":false,"readOnly":false,"overrideId":false,"placeholder":null,"layout":null,"sizeX":0,"sizeY":0,"expression":"Description an notes: ${description}"},{"fieldType":"ExpressionFormField","id":"label","name":"Label","type":"expression","value":null,"required":false,"readOnly":false,"overrideId":false,"placeholder":null,"layout":null,"sizeX":0,"sizeY":0,"expression":"Type of emergency: ${type}"},{"fieldType":"FormField","id":"actions","name":"Actions:","type":"multi-line-text","value":null,"required":false,"readOnly":false,"overrideId":true,"placeholder":null,"layout":null,"sizeX":0,"sizeY":0}],"outcomes":[]}}