<?xml version="1.0" encoding="UTF-8" standalone="yes"?>
<definitions id="oryx_01b7c238-510d-4647-9c6e-f2d87495b0b6" typeLanguage="http://www.w3.org/2001/XMLSchema" expressionLanguage="http://www.w3.org/1999/XPath" targetNamespace="http://www.omg.org/bpmn20" xmlns:xsi="http://www.w3.org/2001/XMLSchema-instance" xmlns="http://schema.omg.org/spec/BPMN/2.0" xmlns:bpmndi="http://bpmndi.org">
    <process id="oryx_35c92b76-5d55-4024-94d2-d1c1e8735f8b" name="Task Assignee example">
        <laneSet id="oryx_1001f49a-3837-472d-9a58-f0c1428f16ff">
            <lane name="DefaultLane" id="oryx_e1aaac83-2925-4472-9df7-cdee0e1f4d67">
                <flowElementRef>oryx_14F84FFA-EF10-4A44-BE59-B9190F8C69A2</flowElementRef>
                <flowElementRef>oryx_22B830DC-DDBA-4CE0-B0C6-AD8FB0B70B76</flowElementRef>
                <flowElementRef>oryx_F7B06356-93E9-4429-BC57-E0B5A1DCF3DF</flowElementRef>
            </lane>
        </laneSet>
        <startEvent name="" id="oryx_14F84FFA-EF10-4A44-BE59-B9190F8C69A2"/>
        <userTask implementation="unspecified" completionQuantity="1" startQuantity="1" isForCompensation="false" name="Schedule meeting" id="oryx_22B830DC-DDBA-4CE0-B0C6-AD8FB0B70B76">
            <documentation id="oryx_0542c4f8-0d86-437c-92fd-82adc02aecdb">Schedule an engineering meeting for next week with the new hire.</documentation>
            <humanPerformer>
                <resourceAssignmentExpression>
                    <formalExpression>kermit</formalExpression>
                </resourceAssignmentExpression>
            </humanPerformer>
        </userTask>
        <endEvent name="" id="oryx_F7B06356-93E9-4429-BC57-E0B5A1DCF3DF"/>
        <sequenceFlow targetRef="oryx_22B830DC-DDBA-4CE0-B0C6-AD8FB0B70B76" sourceRef="oryx_14F84FFA-EF10-4A44-BE59-B9190F8C69A2" name="" id="oryx_AFAFFDDB-1163-47CE-8FF3-EAF51809A912"/>
        <sequenceFlow targetRef="oryx_F7B06356-93E9-4429-BC57-E0B5A1DCF3DF" sourceRef="oryx_22B830DC-DDBA-4CE0-B0C6-AD8FB0B70B76" name="" id="oryx_94E5CC52-3D80-4C79-9246-1A1036525E6E"/>
    </process>
    <bpmndi:processDiagram processRef="oryx_35c92b76-5d55-4024-94d2-d1c1e8735f8b" id="oryx_35c92b76-5d55-4024-94d2-d1c1e8735f8b_gui">
        <bpmndi:laneCompartment isVisible="false" height="0.0" width="0.0" y="0.0" x="0.0" name="DefaultLane" id="oryx_e1aaac83-2925-4472-9df7-cdee0e1f4d67_gui">
            <bpmndi:eventShape eventRef="oryx_14F84FFA-EF10-4A44-BE59-B9190F8C69A2" height="30.0" width="30.0" y="135.0" x="195.0" name="" id="oryx_14F84FFA-EF10-4A44-BE59-B9190F8C69A2_gui"/>
            <bpmndi:activityShape activityRef="oryx_22B830DC-DDBA-4CE0-B0C6-AD8FB0B70B76" height="80.0" width="100.0" y="110.0" x="270.0" name="Schedule meeting" id="oryx_22B830DC-DDBA-4CE0-B0C6-AD8FB0B70B76_gui"/>
            <bpmndi:eventShape eventRef="oryx_F7B06356-93E9-4429-BC57-E0B5A1DCF3DF" height="28.0" width="28.0" y="136.0" x="415.0" name="" id="oryx_F7B06356-93E9-4429-BC57-E0B5A1DCF3DF_gui"/>
        </bpmndi:laneCompartment>
        <bpmndi:sequenceFlowConnector sequenceFlowRef="oryx_AFAFFDDB-1163-47CE-8FF3-EAF51809A912" label="" targetRef="oryx_22B830DC-DDBA-4CE0-B0C6-AD8FB0B70B76_gui" sourceRef="oryx_14F84FFA-EF10-4A44-BE59-B9190F8C69A2_gui" id="oryx_AFAFFDDB-1163-47CE-8FF3-EAF51809A912_gui"/>
        <bpmndi:sequenceFlowConnector sequenceFlowRef="oryx_94E5CC52-3D80-4C79-9246-1A1036525E6E" label="" targetRef="oryx_F7B06356-93E9-4429-BC57-E0B5A1DCF3DF_gui" sourceRef="oryx_22B830DC-DDBA-4CE0-B0C6-AD8FB0B70B76_gui" id="oryx_94E5CC52-3D80-4C79-9246-1A1036525E6E_gui"/>
    </bpmndi:processDiagram>
</definitions>
