{"id":"440c3e9b-383a-467a-849e-6c0af8f55e51","name":"Emergency Call Center - Fire Dept receiving details","key":"EmergencyCallCenterFireDeptReceivingDetails","description":"","editorJson":{"name":"Emergency Call Center - Fire Dept receiving details","key":"EmergencyCallCenterFireDeptReceivingDetails","version":0,"fields":[{"fieldType":"ExpressionFormField","id":"label","name":"Label","type":"expression","value":null,"required":false,"readOnly":false,"overrideId":false,"placeholder":null,"layout":null,"sizeX":0,"sizeY":0,"expression":"Notes from the Fire Dept: ${fireDeptNote}"},{"fieldType":"ExpressionFormField","id":"label","name":"Label","type":"expression","value":null,"required":false,"readOnly":false,"overrideId":false,"placeholder":null,"layout":null,"sizeX":0,"sizeY":0,"expression":"Are resources confirmed? ${fireDeptResourceConfirmed}"}],"outcomes":[]}}