{"id":"91fe0a38-300b-400e-944b-16858c0901ff","name":"Fire Department - Getting details","key":"FireDepartmentGettingDetails","description":"","editorJson":{"name":"Fire Department - Getting details","key":"FireDepartmentGettingDetails","version":0,"fields":[{"fieldType":"ExpressionFormField","id":"label","name":"Label","type":"expression","value":null,"required":false,"readOnly":false,"overrideId":false,"placeholder":null,"layout":null,"sizeX":0,"sizeY":0,"expression":"Instance Id: ${processInstanceId}"},{"fieldType":"ExpressionFormField","id":"label","name":"Label","type":"expression","value":null,"required":false,"readOnly":false,"overrideId":false,"placeholder":null,"layout":null,"sizeX":0,"sizeY":0,"expression":"Contact: ${contactName} (${contactDetails})"},{"fieldType":"ExpressionFormField","id":"label","name":"Label","type":"expression","value":null,"required":false,"readOnly":false,"overrideId":false,"placeholder":null,"layout":null,"sizeX":0,"sizeY":0,"expression":"Description: ${description}"},{"fieldType":"ExpressionFormField","id":"label","name":"Label","type":"expression","value":null,"required":false,"readOnly":false,"overrideId":false,"placeholder":null,"layout":null,"sizeX":0,"sizeY":0,"expression":"Type: ${type}"},{"fieldType":"FormField","id":"fireDeptNote","name":"Notes and list of available resources","type":"text","value":null,"required":true,"readOnly":false,"overrideId":true,"placeholder":null,"layout":null,"sizeX":0,"sizeY":0},{"fieldType":"OptionFormField","id":"fireDeptResourceConfirmed","name":"Are the resources confirmed?","type":"radio-buttons","value":"Yes","required":true,"readOnly":false,"overrideId":true,"placeholder":null,"layout":null,"sizeX":0,"sizeY":2,"optionType":null,"hasEmptyValue":null,"options":[{"id":null,"name":"Yes"},{"id":null,"name":"No"}]}],"outcomes":[]}}