{"id":"8e44aada-3ba5-4498-bd7f-66e98ab63313","name":"Hospital - Getting details","key":"HospitalGettingDetails","description":"","editorJson":{"name":"Hospital - Getting details","key":"HospitalGettingDetails","version":0,"fields":[{"fieldType":"ExpressionFormField","id":"label","name":"Label","type":"expression","value":null,"required":false,"readOnly":false,"overrideId":false,"placeholder":null,"layout":null,"sizeX":0,"sizeY":0,"expression":"Instance Id: ${processInstanceId}"},{"fieldType":"ExpressionFormField","id":"label","name":"Label","type":"expression","value":null,"required":false,"readOnly":false,"overrideId":false,"placeholder":null,"layout":null,"sizeX":0,"sizeY":0,"expression":"Contact: ${contactName} (${contactDetails})"},{"fieldType":"ExpressionFormField","id":"label","name":"Label","type":"expression","value":null,"required":false,"readOnly":false,"overrideId":false,"placeholder":null,"layout":null,"sizeX":0,"sizeY":0,"expression":"Description: ${description}"},{"fieldType":"ExpressionFormField","id":"label","name":"Label","type":"expression","value":null,"required":false,"readOnly":false,"overrideId":false,"placeholder":null,"layout":null,"sizeX":0,"sizeY":0,"expression":"Type: ${type}"},{"fieldType":"FormField","id":"hospitalNote","name":"Notes and list of available resources","type":"text","value":null,"required":true,"readOnly":false,"overrideId":true,"placeholder":null,"layout":null,"sizeX":0,"sizeY":0},{"fieldType":"OptionFormField","id":"hospitalResourceConfirmed","name":"Are the resources confirmed?","type":"radio-buttons","value":"Yes","required":true,"readOnly":false,"overrideId":true,"placeholder":null,"layout":null,"sizeX":0,"sizeY":2,"optionType":null,"hasEmptyValue":null,"options":[{"id":null,"name":"Yes"},{"id":null,"name":"No"}]}],"outcomes":[]}}