{"id":"e8f9c89a-e0ee-4a93-843f-6bc0997978fa","name":"Police Department - Getting details","key":"PoliceDepartmentGettingDetails","description":"","editorJson":{"name":"Police Department - Getting details","key":"PoliceDepartmentGettingDetails","version":0,"fields":[{"fieldType":"ExpressionFormField","id":"label","name":"Label","type":"expression","value":null,"required":false,"readOnly":false,"overrideId":false,"placeholder":null,"layout":null,"sizeX":0,"sizeY":0,"expression":"Instance Id: ${processInstanceId}"},{"fieldType":"ExpressionFormField","id":"label","name":"Label","type":"expression","value":null,"required":false,"readOnly":false,"overrideId":false,"placeholder":null,"layout":null,"sizeX":0,"sizeY":0,"expression":"Contact: ${contactName} (${contactDetails})"},{"fieldType":"ExpressionFormField","id":"label","name":"Label","type":"expression","value":null,"required":false,"readOnly":false,"overrideId":false,"placeholder":null,"layout":null,"sizeX":0,"sizeY":0,"expression":"Description: ${description}"},{"fieldType":"ExpressionFormField","id":"label","name":"Label","type":"expression","value":null,"required":false,"readOnly":false,"overrideId":false,"placeholder":null,"layout":null,"sizeX":0,"sizeY":0,"expression":"Type: ${type}"},{"fieldType":"FormField","id":"policeDeptNote","name":"Notes and list of available resources","type":"text","value":null,"required":true,"readOnly":false,"overrideId":true,"placeholder":null,"layout":null,"sizeX":0,"sizeY":0},{"fieldType":"OptionFormField","id":"policeDeptResourceConfirmed","name":"Are the resources confirmed?","type":"radio-buttons","value":"Yes","required":true,"readOnly":false,"overrideId":true,"placeholder":null,"layout":null,"sizeX":0,"sizeY":2,"optionType":null,"hasEmptyValue":null,"options":[{"id":null,"name":"Yes"},{"id":null,"name":"No"}]}],"outcomes":[]}}