{"id":"8be98e52-e189-42bd-b2c2-7ee3cb46dc1a","name":"Fire Department","key":"EmergencyFireDepartment","description":"","editorJson":{"resourceId":"8be98e52-e189-42bd-b2c2-7ee3cb46dc1a","properties":{"process_id":"EmergencyFireDepartment","name":"Fire Department","documentation":"","process_author":"","process_version":"","process_namespace":"http://www.activiti.org/processdef","executionlisteners":"","eventlisteners":"","signaldefinitions":"","messagedefinitions":""},"stencil":{"id":"BPMNDiagram"},"childShapes":[{"resourceId":"startEvent1","properties":{"overrideid":"","name":"","documentation":"","executionlisteners":"","initiator":"","formkeydefinition":"","formreference":"","formproperties":""},"stencil":{"id":"StartNoneEvent"},"childShapes":[],"outgoing":[{"resourceId":"sid-B2678B94-032A-4C4A-A09E-F3FC2BD7B160"}],"bounds":{"lowerRight":{"x":395,"y":105},"upperLeft":{"x":365,"y":75}},"dockers":[]},{"resourceId":"sid-CAEE00B0-B6FC-4A08-AA5E-BCB5072B77EA","properties":{"overrideid":"","name":"Check and assign resources","documentation":"","asynchronousdefinition":"false","exclusivedefinition":"false","executionlisteners":"","multiinstance_type":"None","multiinstance_cardinality":"","multiinstance_collection":"","multiinstance_variable":"","multiinstance_condition":"","isforcompensation":"false","usertaskassignment":"","formkeydefinition":"","formreference":{"id":"91fe0a38-300b-400e-944b-16858c0901ff","name":"test","key":"test"},"duedatedefinition":"","prioritydefinition":"","formproperties":"","tasklisteners":""},"stencil":{"id":"UserTask"},"childShapes":[],"outgoing":[{"resourceId":"sid-82EECDE0-9627-4E0F-8BDE-BC6891A8F847"}],"bounds":{"lowerRight":{"x":430,"y":250},"upperLeft":{"x":330,"y":170}},"dockers":[]},{"resourceId":"sid-B2678B94-032A-4C4A-A09E-F3FC2BD7B160","properties":{"overrideid":"","name":"","documentation":"","conditionsequenceflow":"","executionlisteners":"","defaultflow":"false"},"stencil":{"id":"SequenceFlow"},"childShapes":[],"outgoing":[{"resourceId":"sid-CAEE00B0-B6FC-4A08-AA5E-BCB5072B77EA"}],"bounds":{"lowerRight":{"x":380,"y":169.625},"upperLeft":{"x":380,"y":105.0625}},"dockers":[{"x":15,"y":15},{"x":50,"y":40}],"target":{"resourceId":"sid-CAEE00B0-B6FC-4A08-AA5E-BCB5072B77EA"}},{"resourceId":"sid-8AF29DF8-8162-4436-B45F-E6F4B2A9FA27","properties":{"overrideid":"","name":"","documentation":"","executionlisteners":""},"stencil":{"id":"EndNoneEvent"},"childShapes":[],"outgoing":[],"bounds":{"lowerRight":{"x":394,"y":478},"upperLeft":{"x":366,"y":450}},"dockers":[]},{"resourceId":"sid-5B97C749-534D-46AE-ABF1-9E5BC9296DAE","properties":{"overrideid":"","name":"Send back details to Call Center","documentation":"","asynchronousdefinition":"false","exclusivedefinition":"false","executionlisteners":"","multiinstance_type":"None","multiinstance_cardinality":"","multiinstance_collection":"","multiinstance_variable":"","multiinstance_condition":"","isforcompensation":"false","servicetaskclass":"org.activiti.emergencycallcenter.delegates.FireDeptFeedbackDelegate","servicetaskexpression":"","servicetaskdelegateexpression":"","servicetaskfields":"","servicetaskresultvariable":""},"stencil":{"id":"ServiceTask"},"childShapes":[],"outgoing":[{"resourceId":"sid-CEAD3E9F-E299-4F8C-A8DF-9C4D2838DF78"}],"bounds":{"lowerRight":{"x":430,"y":395},"upperLeft":{"x":330,"y":315}},"dockers":[]},{"resourceId":"sid-82EECDE0-9627-4E0F-8BDE-BC6891A8F847","properties":{"overrideid":"","name":"","documentation":"","conditionsequenceflow":"","executionlisteners":"","defaultflow":"false"},"stencil":{"id":"SequenceFlow"},"childShapes":[],"outgoing":[{"resourceId":"sid-5B97C749-534D-46AE-ABF1-9E5BC9296DAE"}],"bounds":{"lowerRight":{"x":380,"y":314.3515625},"upperLeft":{"x":380,"y":250.6484375}},"dockers":[{"x":50,"y":40},{"x":50,"y":40}],"target":{"resourceId":"sid-5B97C749-534D-46AE-ABF1-9E5BC9296DAE"}},{"resourceId":"sid-CEAD3E9F-E299-4F8C-A8DF-9C4D2838DF78","properties":{"overrideid":"","name":"","documentation":"","conditionsequenceflow":"","executionlisteners":"","defaultflow":"false"},"stencil":{"id":"SequenceFlow"},"childShapes":[],"outgoing":[{"resourceId":"sid-8AF29DF8-8162-4436-B45F-E6F4B2A9FA27"}],"bounds":{"lowerRight":{"x":380,"y":449.375},"upperLeft":{"x":380,"y":395.171875}},"dockers":[{"x":50,"y":40},{"x":14,"y":14}],"target":{"resourceId":"sid-8AF29DF8-8162-4436-B45F-E6F4B2A9FA27"}}],"bounds":{"lowerRight":{"x":1200,"y":1050},"upperLeft":{"x":0,"y":0}},"stencilset":{"url":"stencilsets/bpmn2.0/bpmn2.0.json","namespace":"http://b3mn.org/stencilset/bpmn2.0#"},"ssextensions":[]}}