{"id":"1b612015-d530-4372-b2b9-9d741f6ab1a8","name":"Emergency Call Center - Decision about Organizations","key":"EmergencyCallCenterDecisionaboutOrganizations","description":null,"editorJson":{"id":"1b612015-d530-4372-b2b9-9d741f6ab1a8","name":"Emergency Call Center - Decision about Organizations","key":"EmergencyCallCenterDecisionaboutOrganizations","hitIndicator":"FIRST","inputExpressions":[{"id":"10","variableId":"type","variableType":null,"type":null,"label":"Type","entries":null,"newVariable":false}],"outputExpressions":[{"id":"9","variableId":"isFireDeptRequired","variableType":null,"type":"string","label":"isFireDeptRequired","entries":null,"newVariable":false},{"id":"8","variableId":"isPoliceDeptRequired","variableType":null,"type":"string","label":"isPoliceDeptRequired","entries":null,"newVariable":false},{"id":"7","variableId":"isHospitalRequired","variableType":null,"type":"string","label":"isHospitalRequired","entries":null,"newVariable":false}],"rules":[{"7":"\"Yes\"","8":"\"Yes\"","9":"\"No\"","10":"== \"Street accident\""},{"7":"\"Yes\"","8":"\"No\"","9":"\"No\"","10":"== \"Home or Office incident\""},{"7":"\"Yes\"","8":"\"No\"","9":"\"Yes\"","10":"== \"Fire\""},{"7":"\"Yes\"","8":"\"Yes\"","9":"\"Yes\"","10":"== \"Tornado\""}]}}